{
  "/Users/harishvenkateswaran/Desktop/LWCQuickStart/force-app": {
    "sourcePath": "/Users/harishvenkateswaran/Desktop/LWCQuickStart/force-app",
    "isDirectory": true,
    "size": 96,
    "modifiedTime": 1628719548000,
    "changeTime": 1628719548846,
    "contentHash": "b28b7af69320201d1cf206ebf28373980add1451",
    "state": "n",
    "isArtifactRoot": true,
    "package": "force-app"
  },
  "/Users/harishvenkateswaran/Desktop/LWCQuickStart/force-app/main": {
    "sourcePath": "/Users/harishvenkateswaran/Desktop/LWCQuickStart/force-app/main",
    "isDirectory": true,
    "size": 96,
    "modifiedTime": 1628719548000,
    "changeTime": 1628719548851,
    "contentHash": "7505d64a54e061b7acd54ccd58b49dc43500b635",
    "state": "n",
    "package": "force-app"
  },
  "/Users/harishvenkateswaran/Desktop/LWCQuickStart/force-app/main/default": {
    "sourcePath": "/Users/harishvenkateswaran/Desktop/LWCQuickStart/force-app/main/default",
    "isDirectory": true,
    "size": 448,
    "modifiedTime": 1628719548000,
    "changeTime": 1628719548855,
    "contentHash": "134fb9100108b9aaba9aee713cf235d514fd8f88",
    "state": "n",
    "package": "force-app"
  },
  "/Users/harishvenkateswaran/Desktop/LWCQuickStart/force-app/main/default/applications": {
    "sourcePath": "/Users/harishvenkateswaran/Desktop/LWCQuickStart/force-app/main/default/applications",
    "isDirectory": true,
    "size": 64,
    "modifiedTime": 1628716432000,
    "changeTime": 1628716432413,
    "contentHash": "da39a3ee5e6b4b0d3255bfef95601890afd80709",
    "state": "n",
    "package": "force-app"
  },
  "/Users/harishvenkateswaran/Desktop/LWCQuickStart/force-app/main/default/aura": {
    "sourcePath": "/Users/harishvenkateswaran/Desktop/LWCQuickStart/force-app/main/default/aura",
    "isDirectory": true,
    "size": 96,
    "modifiedTime": 1628716436000,
    "changeTime": 1628716436093,
    "contentHash": "71c20a341bfe32aa5cd5b4384e94f942bab6a7d3",
    "state": "n",
    "package": "force-app"
  },
  "/Users/harishvenkateswaran/Desktop/LWCQuickStart/force-app/main/default/classes": {
    "sourcePath": "/Users/harishvenkateswaran/Desktop/LWCQuickStart/force-app/main/default/classes",
    "isDirectory": true,
    "size": 64,
    "modifiedTime": 1628716432000,
    "changeTime": 1628716432401,
    "contentHash": "da39a3ee5e6b4b0d3255bfef95601890afd80709",
    "state": "n",
    "package": "force-app"
  },
  "/Users/harishvenkateswaran/Desktop/LWCQuickStart/force-app/main/default/contentassets": {
    "sourcePath": "/Users/harishvenkateswaran/Desktop/LWCQuickStart/force-app/main/default/contentassets",
    "isDirectory": true,
    "size": 64,
    "modifiedTime": 1628716432000,
    "changeTime": 1628716432411,
    "contentHash": "da39a3ee5e6b4b0d3255bfef95601890afd80709",
    "state": "n",
    "package": "force-app"
  },
  "/Users/harishvenkateswaran/Desktop/LWCQuickStart/force-app/main/default/flexipages": {
    "sourcePath": "/Users/harishvenkateswaran/Desktop/LWCQuickStart/force-app/main/default/flexipages",
    "isDirectory": true,
    "size": 64,
    "modifiedTime": 1628716432000,
    "changeTime": 1628716432426,
    "contentHash": "da39a3ee5e6b4b0d3255bfef95601890afd80709",
    "state": "n",
    "package": "force-app"
  },
  "/Users/harishvenkateswaran/Desktop/LWCQuickStart/force-app/main/default/layouts": {
    "sourcePath": "/Users/harishvenkateswaran/Desktop/LWCQuickStart/force-app/main/default/layouts",
    "isDirectory": true,
    "size": 64,
    "modifiedTime": 1628716432000,
    "changeTime": 1628716432424,
    "contentHash": "da39a3ee5e6b4b0d3255bfef95601890afd80709",
    "state": "n",
    "package": "force-app"
  },
  "/Users/harishvenkateswaran/Desktop/LWCQuickStart/force-app/main/default/lwc": {
    "sourcePath": "/Users/harishvenkateswaran/Desktop/LWCQuickStart/force-app/main/default/lwc",
    "isDirectory": true,
    "size": 192,
    "modifiedTime": 1628719548000,
    "changeTime": 1628719548859,
    "contentHash": "cfbe4ba8f96128f44b6b5fb5675ecb0b337e083e",
    "state": "n",
    "package": "force-app"
  },
  "/Users/harishvenkateswaran/Desktop/LWCQuickStart/force-app/main/default/lwc/helloWorld": {
    "sourcePath": "/Users/harishvenkateswaran/Desktop/LWCQuickStart/force-app/main/default/lwc/helloWorld",
    "isDirectory": true,
    "size": 160,
    "modifiedTime": 1628718130000,
    "changeTime": 1628718130412,
    "contentHash": "c4f5c53c9e3fa98e7b41f54b72a11b17045711fb",
    "state": "n",
    "package": "force-app"
  },
  "/Users/harishvenkateswaran/Desktop/LWCQuickStart/force-app/main/default/lwc/helloWorld/helloWorld.html": {
    "sourcePath": "/Users/harishvenkateswaran/Desktop/LWCQuickStart/force-app/main/default/lwc/helloWorld/helloWorld.html",
    "size": 301,
    "modifiedTime": 1628718425134,
    "changeTime": 1628718425134,
    "contentHash": "3d9da16eab512da117d17a9514ef5cfc1dd42295",
    "state": "n",
    "package": "force-app",
    "metadataType": "LightningComponentBundle"
  },
  "/Users/harishvenkateswaran/Desktop/LWCQuickStart/force-app/main/default/lwc/helloWorld/helloWorld.js": {
    "sourcePath": "/Users/harishvenkateswaran/Desktop/LWCQuickStart/force-app/main/default/lwc/helloWorld/helloWorld.js",
    "size": 201,
    "modifiedTime": 1628718127559,
    "changeTime": 1628718127559,
    "contentHash": "107502f50d822f3272c269786cd5bfe4042f7a93",
    "state": "n",
    "package": "force-app",
    "metadataType": "LightningComponentBundle"
  },
  "/Users/harishvenkateswaran/Desktop/LWCQuickStart/force-app/main/default/lwc/helloWorld/helloWorld.js-meta.xml": {
    "sourcePath": "/Users/harishvenkateswaran/Desktop/LWCQuickStart/force-app/main/default/lwc/helloWorld/helloWorld.js-meta.xml",
    "size": 369,
    "modifiedTime": 1628717849508,
    "changeTime": 1628717849508,
    "contentHash": "5096584b5c9a0e0e20d15d487c516c53bfd14862",
    "isMetadataFile": true,
    "state": "n",
    "package": "force-app",
    "metadataType": "LightningComponentBundle"
  },
  "/Users/harishvenkateswaran/Desktop/LWCQuickStart/force-app/main/default/lwc/myFirstWebComponent": {
    "sourcePath": "/Users/harishvenkateswaran/Desktop/LWCQuickStart/force-app/main/default/lwc/myFirstWebComponent",
    "isDirectory": true,
    "size": 160,
    "modifiedTime": 1628719548000,
    "changeTime": 1628719548862,
    "contentHash": "35e618f5dfdafda9f1b94f5e031bbed9550ecf56",
    "state": "n",
    "package": "force-app"
  },
  "/Users/harishvenkateswaran/Desktop/LWCQuickStart/force-app/main/default/lwc/myFirstWebComponent/myFirstWebComponent.html": {
    "sourcePath": "/Users/harishvenkateswaran/Desktop/LWCQuickStart/force-app/main/default/lwc/myFirstWebComponent/myFirstWebComponent.html",
    "size": 332,
    "modifiedTime": 1628719545884,
    "changeTime": 1628719545884,
    "contentHash": "c16964cf529113738cbb0d2b29e45a82fd1ffd47",
    "state": "n",
    "package": "force-app",
    "metadataType": "LightningComponentBundle"
  },
  "/Users/harishvenkateswaran/Desktop/LWCQuickStart/force-app/main/default/lwc/myFirstWebComponent/myFirstWebComponent.js": {
    "sourcePath": "/Users/harishvenkateswaran/Desktop/LWCQuickStart/force-app/main/default/lwc/myFirstWebComponent/myFirstWebComponent.js",
    "size": 472,
    "modifiedTime": 1628719425706,
    "changeTime": 1628719425706,
    "contentHash": "17b76ca25875c0ef12d689c9fc2ee52cbfdea654",
    "state": "n",
    "package": "force-app",
    "metadataType": "LightningComponentBundle"
  },
  "/Users/harishvenkateswaran/Desktop/LWCQuickStart/force-app/main/default/lwc/myFirstWebComponent/myFirstWebComponent.js-meta.xml": {
    "sourcePath": "/Users/harishvenkateswaran/Desktop/LWCQuickStart/force-app/main/default/lwc/myFirstWebComponent/myFirstWebComponent.js-meta.xml",
    "size": 365,
    "modifiedTime": 1628719169554,
    "changeTime": 1628719169554,
    "contentHash": "1018ab7d7b7edb56dcf6e527f2b005296b185c2c",
    "isMetadataFile": true,
    "state": "n",
    "package": "force-app",
    "metadataType": "LightningComponentBundle"
  },
  "/Users/harishvenkateswaran/Desktop/LWCQuickStart/force-app/main/default/objects": {
    "sourcePath": "/Users/harishvenkateswaran/Desktop/LWCQuickStart/force-app/main/default/objects",
    "isDirectory": true,
    "size": 64,
    "modifiedTime": 1628716432000,
    "changeTime": 1628716432399,
    "contentHash": "da39a3ee5e6b4b0d3255bfef95601890afd80709",
    "state": "n",
    "package": "force-app"
  },
  "/Users/harishvenkateswaran/Desktop/LWCQuickStart/force-app/main/default/permissionsets": {
    "sourcePath": "/Users/harishvenkateswaran/Desktop/LWCQuickStart/force-app/main/default/permissionsets",
    "isDirectory": true,
    "size": 64,
    "modifiedTime": 1628716432000,
    "changeTime": 1628716432419,
    "contentHash": "da39a3ee5e6b4b0d3255bfef95601890afd80709",
    "state": "n",
    "package": "force-app"
  },
  "/Users/harishvenkateswaran/Desktop/LWCQuickStart/force-app/main/default/staticresources": {
    "sourcePath": "/Users/harishvenkateswaran/Desktop/LWCQuickStart/force-app/main/default/staticresources",
    "isDirectory": true,
    "size": 64,
    "modifiedTime": 1628716432000,
    "changeTime": 1628716432416,
    "contentHash": "da39a3ee5e6b4b0d3255bfef95601890afd80709",
    "state": "n",
    "package": "force-app"
  },
  "/Users/harishvenkateswaran/Desktop/LWCQuickStart/force-app/main/default/tabs": {
    "sourcePath": "/Users/harishvenkateswaran/Desktop/LWCQuickStart/force-app/main/default/tabs",
    "isDirectory": true,
    "size": 64,
    "modifiedTime": 1628716432000,
    "changeTime": 1628716432408,
    "contentHash": "da39a3ee5e6b4b0d3255bfef95601890afd80709",
    "state": "n",
    "package": "force-app"
  },
  "/Users/harishvenkateswaran/Desktop/LWCQuickStart/force-app/main/default/triggers": {
    "sourcePath": "/Users/harishvenkateswaran/Desktop/LWCQuickStart/force-app/main/default/triggers",
    "isDirectory": true,
    "size": 64,
    "modifiedTime": 1628716432000,
    "changeTime": 1628716432406,
    "contentHash": "da39a3ee5e6b4b0d3255bfef95601890afd80709",
    "state": "n",
    "package": "force-app"
  },
  "/Users/harishvenkateswaran/Desktop/LWCQuickStart": {
    "sourcePath": "/Users/harishvenkateswaran/Desktop/LWCQuickStart",
    "isDirectory": true,
    "size": 480,
    "modifiedTime": 1628719548000,
    "changeTime": 1628719549670,
    "contentHash": "2218d6ac52298c604d0293e5657b75dae2251d50",
    "state": "n",
    "isWorkspace": true
  }
}