[{"_allAttributes":null,"_properties":null,"_methods":null,"file":"/Users/harishvenkateswaran/Desktop/BikeCard/force-app/main/default/lwc/bikeCard/bikeCard.js","metadata":{"decorators":[],"declarationLoc":{"start":{"line":3,"column":0},"end":{"line":10,"column":1}},"classMembers":[{"type":"property","name":"name","loc":{"start":{"line":4,"column":4},"end":{"line":4,"column":24}}},{"type":"property","name":"description","loc":{"start":{"line":5,"column":4},"end":{"line":5,"column":52}}},{"type":"property","name":"category","loc":{"start":{"line":6,"column":4},"end":{"line":6,"column":26}}},{"type":"property","name":"material","loc":{"start":{"line":7,"column":4},"end":{"line":7,"column":23}}},{"type":"property","name":"price","loc":{"start":{"line":8,"column":4},"end":{"line":8,"column":21}}},{"type":"property","name":"pictureUrl","loc":{"start":{"line":9,"column":4},"end":{"line":9,"column":85}}}],"exports":[{"type":"ExportDefaultDeclaration"}]},"updatedAt":"2021-08-12T17:26:19.957Z"},{"_allAttributes":null,"_properties":null,"_methods":null,"file":"/Users/harishvenkateswaran/Desktop/BikeCard/force-app/main/default/lwc/detail/detail.js","metadata":{"decorators":[{"type":"api","targets":[{"type":"property","name":"productId"}]}],"declarationLoc":{"start":{"line":5,"column":0},"end":{"line":24,"column":1}},"classMembers":[{"type":"property","name":"product","loc":{"start":{"line":8,"column":4},"end":{"line":8,"column":12}}},{"type":"property","name":"productId","loc":{"start":{"line":21,"column":4},"end":{"line":23,"column":5}},"decorator":"api"}],"exports":[{"type":"ExportDefaultDeclaration"}]},"updatedAt":"2020-01-14T21:53:58.000Z"},{"_allAttributes":null,"_properties":null,"_methods":null,"file":"/Users/harishvenkateswaran/Desktop/BikeCard/force-app/main/default/lwc/list/list.js","metadata":{"decorators":[],"declarationLoc":{"start":{"line":4,"column":0},"end":{"line":15,"column":1}},"classMembers":[{"type":"property","name":"bikes","loc":{"start":{"line":5,"column":4},"end":{"line":5,"column":18}}},{"type":"method","name":"handleTileClick","loc":{"start":{"line":7,"column":4},"end":{"line":14,"column":5}}}],"exports":[{"type":"ExportDefaultDeclaration"}]},"updatedAt":"2020-01-14T21:54:40.000Z"},{"_allAttributes":null,"_properties":null,"_methods":null,"file":"/Users/harishvenkateswaran/Desktop/BikeCard/force-app/main/default/lwc/selector/selector.js","metadata":{"decorators":[{"type":"wire","targets":[{"name":"user","adapter":{"name":"getRecord","reference":"lightning/uiRecordApi"},"type":"property","static":{"fields":{"type":"unresolved","value":"identifier"}},"params":{"recordId":"userId"}}]}],"declarationLoc":{"start":{"line":6,"column":0},"end":{"line":17,"column":1}},"classMembers":[{"type":"property","name":"selectedProductId","loc":{"start":{"line":7,"column":4},"end":{"line":7,"column":22}}},{"type":"method","name":"handleProductSelected","loc":{"start":{"line":8,"column":4},"end":{"line":10,"column":5}}},{"type":"property","name":"userId","loc":{"start":{"line":11,"column":4},"end":{"line":11,"column":16}}},{"type":"property","name":"user","loc":{"start":{"line":12,"column":4},"end":{"line":13,"column":9}},"decorator":"wire"},{"type":"property","name":"name","loc":{"start":{"line":14,"column":4},"end":{"line":16,"column":5}}}],"exports":[{"type":"ExportDefaultDeclaration"}]},"updatedAt":"2021-08-12T20:05:45.859Z"},{"_allAttributes":null,"_properties":null,"_methods":null,"file":"/Users/harishvenkateswaran/Desktop/BikeCard/force-app/main/default/lwc/tile/tile.js","metadata":{"decorators":[{"type":"api","targets":[{"type":"property","name":"product","value":{"type":"unresolved"}}]}],"declarationLoc":{"start":{"line":3,"column":0},"end":{"line":14,"column":1}},"classMembers":[{"type":"property","name":"product","loc":{"start":{"line":4,"column":4},"end":{"line":4,"column":17}},"decorator":"api","value":{"type":"unresolved"}},{"type":"method","name":"tileClick","loc":{"start":{"line":6,"column":4},"end":{"line":13,"column":5}}}],"exports":[{"type":"ExportDefaultDeclaration"}]},"updatedAt":"2018-12-05T12:03:56.000Z"}]